Workbook

Sheet Main
B2: Student ID | C2: 19389021 | D2: Please enter your student ID correctly in cell C2 and obtain the datasets between B7 to C15 concerning the cornering stiffness and B20 to C28 for lateral force.
B4: Stage 1: Cornering Stiffness Data
B6: Fz [N] | C6: CFa [N/deg]
B7: ='Raw Data'!A2 -> 0 | C7: ='Raw Data'!E2 -> 0
B8: ='Raw Data'!A3 -> 1000 | C8: ='Raw Data'!E3 -> 487.35242
B9: ='Raw Data'!A4 -> 2000 | C9: ='Raw Data'!E4 -> 1122.3776
B10: ='Raw Data'!A5 -> 3000 | C10: ='Raw Data'!E5 -> 1461.08
B11: ='Raw Data'!A6 -> 4000 | C11: ='Raw Data'!E6 -> 1864.0811
B12: ='Raw Data'!A7 -> 5000 | C12: ='Raw Data'!E7 -> 2126.3776
B13: ='Raw Data'!A8 -> 6000 | C13: ='Raw Data'!E8 -> 2136.1573
B14: ='Raw Data'!A9 -> 7000 | C14: ='Raw Data'!E9 -> 2263.9189
B15: ='Raw Data'!A10 -> 8000 | C15: ='Raw Data'!E10 -> 2276.8224
B17: Stage 2: Lateral Force Data
B19: alpha [deg] | C19: Fy [N]
B20: ='Raw Data'!G2 -> 0 | C20: ='Raw Data'!K2 -> 0
B21: ='Raw Data'!G3 -> 1.5 | C21: ='Raw Data'!K3 -> 2599.2448
B22: ='Raw Data'!G4 -> 3 | C22: ='Raw Data'!K4 -> 3894.1379
B23: ='Raw Data'!G5 -> 4.5 | C23: ='Raw Data'!K5 -> 4036.0146
B24: ='Raw Data'!G6 -> 6 | C24: ='Raw Data'!K6 -> 4244.1552
B25: ='Raw Data'!G7 -> 7.5 | C25: ='Raw Data'!K7 -> 4064.5621
B26: ='Raw Data'!G8 -> 9 | C26: ='Raw Data'!K8 -> 3802.2599
B27: ='Raw Data'!G9 -> 10.5 | C27: ='Raw Data'!K9 -> 3877.1552
B28: ='Raw Data'!G10 -> 12 | C28: ='Raw Data'!K10 -> 3533.6448

Sheet Raw Data
A1: Fz (N) | B1: CFa (N/deg) | C1: Probability, P | D1: Noise | E1: Final CFa (N/deg) | G1: alpha (deg) | H1: Fy (N) | I1: Probability, P | J1: Noise | K1: Final Fy (N)
A2: 0 | B2: 0 | C2: 0 | D2: 0 | E2: 0 | G2: 0 | H2: 0 | I2: 0 | J2: 0 | K2: 0
A3: 1000 | B3: 551.43 | C3: =B18 -> 0.1 | D3: =$B$12*_xlfn.NORM.S.INV(C3) + $B$13 -> -64.077578 | E3: =B3+D3 -> 487.35242 | G3: 1.5 | H3: 2727.4 | I3: =H25 -> 0.1 | J3: =$H$12*_xlfn.NORM.S.INV(I3) + $H$13 -> -128.15516 | K3: =H3+J3 -> 2599.2448
A4: 2000 | B4: 1058.3 | C4: =B19 -> 0.9 | D4: =$B$12*_xlfn.NORM.S.INV(C4) + $B$13 -> 64.077578 | E4: =B4+D4 -> 1122.3776 | G4: 3 | H4: 3978.3 | I4: =H24 -> 0.2 | J4: =$H$12*_xlfn.NORM.S.INV(I4) + $H$13 -> -84.162123 | K4: =H4+J4 -> 3894.1379
A5: 3000 | B5: 1487.3 | C5: =B20 -> 0.3 | D5: =$B$12*_xlfn.NORM.S.INV(C5) + $B$13 -> -26.220026 | E5: =B5+D5 -> 1461.08 | G5: 4.5 | H5: 4200.5 | I5: =H23 -> 0.05 | J5: =$H$12*_xlfn.NORM.S.INV(I5) + $H$13 -> -164.48536 | K5: =H5+J5 -> 4036.0146
A6: 4000 | B6: 1822 | C6: =B21 -> 0.8 | D6: =$B$12*_xlfn.NORM.S.INV(C6) + $B$13 -> 42.081062 | E6: =B6+D6 -> 1864.0811 | G6: 6 | H6: 4116 | I6: =H22 -> 0.9 | J6: =$H$12*_xlfn.NORM.S.INV(I6) + $H$13 -> 128.15516 | K6: =H6+J6 -> 4244.1552
A7: 5000 | B7: 2062.3 | C7: =B22 -> 0.9 | D7: =$B$12*_xlfn.NORM.S.INV(C7) + $B$13 -> 64.077578 | E7: =B7+D7 -> 2126.3776 | G7: 7.5 | H7: 3980.4 | I7: =H21 -> 0.8 | J7: =$H$12*_xlfn.NORM.S.INV(I7) + $H$13 -> 84.162123 | K7: =H7+J7 -> 4064.5621
A8: 6000 | B8: 2218.4 | C8: =B23 -> 0.05 | D8: =$B$12*_xlfn.NORM.S.INV(C8) + $B$13 -> -82.242681 | E8: =B8+D8 -> 2136.1573 | G8: 9 | H8: 3854.7 | I8: =H20 -> 0.3 | J8: =$H$12*_xlfn.NORM.S.INV(I8) + $H$13 -> -52.440051 | K8: =H8+J8 -> 3802.2599
A9: 7000 | B9: 2306 | C9: =B24 -> 0.2 | D9: =$B$12*_xlfn.NORM.S.INV(C9) + $B$13 -> -42.081062 | E9: =B9+D9 -> 2263.9189 | G9: 10.5 | H9: 3749 | I9: =H19 -> 0.9 | J9: =$H$12*_xlfn.NORM.S.INV(I9) + $H$13 -> 128.15516 | K9: =H9+J9 -> 3877.1552
A10: 8000 | B10: 2340.9 | C10: =B25 -> 0.1 | D10: =$B$12*_xlfn.NORM.S.INV(C10) + $B$13 -> -64.077578 | E10: =B10+D10 -> 2276.8224 | G10: 12 | H10: 3661.8 | I10: =H18 -> 0.1 | J10: =$H$12*_xlfn.NORM.S.INV(I10) + $H$13 -> -128.15516 | K10: =H10+J10 -> 3533.6448
A12: Control | B12: 50 | G12: Control | H12: 100
A13: Offset | B13: 0 | G13: Offset | H13: 0
A14: Epsilon | B14: 0.05 | G14: Epsilon | H14: 0.05
B16: ID | C16: # of digits | H16: ID | I16: # of digits
A17: ID Split | B17: =TEXT(Main!C2,"????????") -> 19389021 | C17: =LEN(TEXT(B17,"0")) -> 8 | G17: ID Split | H17: =TEXT(Main!C2,"????????") -> 19389021 | I17: =LEN(TEXT(H17,"0")) -> 8
A18: =MID($B$17,1,1) -> 1 | B18: =IF(VALUE(A18)>0,VALUE(A18)/10,$B$14) -> 0.1 | G18: =MID($H$17,1,1) -> 1 | H18: =IF(VALUE(G18)>0,VALUE(G18)/10,$B$14) -> 0.1
A19: =MID($B$17,2,1) -> 9 | B19: =IF(VALUE(A19)>0,VALUE(A19)/10,$B$14) -> 0.9 | G19: =MID($H$17,2,1) -> 9 | H19: =IF(VALUE(G19)>0,VALUE(G19)/10,$B$14) -> 0.9
A20: =MID($B$17,3,1) -> 3 | B20: =IF(VALUE(A20)>0,VALUE(A20)/10,$B$14) -> 0.3 | G20: =MID($H$17,3,1) -> 3 | H20: =IF(VALUE(G20)>0,VALUE(G20)/10,$B$14) -> 0.3
A21: =MID($B$17,4,1) -> 8 | B21: =IF(VALUE(A21)>0,VALUE(A21)/10,$B$14) -> 0.8 | G21: =MID($H$17,4,1) -> 8 | H21: =IF(VALUE(G21)>0,VALUE(G21)/10,$B$14) -> 0.8
A22: =MID($B$17,5,1) -> 9 | B22: =IF(VALUE(A22)>0,VALUE(A22)/10,$B$14) -> 0.9 | G22: =MID($H$17,5,1) -> 9 | H22: =IF(VALUE(G22)>0,VALUE(G22)/10,$B$14) -> 0.9
A23: =MID($B$17,6,1) -> 0 | B23: =IF(VALUE(A23)>0,VALUE(A23)/10,$B$14) -> 0.05 | G23: =MID($H$17,6,1) -> 0 | H23: =IF(VALUE(G23)>0,VALUE(G23)/10,$B$14) -> 0.05
A24: =MID($B$17,7,1) -> 2 | B24: =IF(VALUE(A24)>0,VALUE(A24)/10,$B$14) -> 0.2 | G24: =MID($H$17,7,1) -> 2 | H24: =IF(VALUE(G24)>0,VALUE(G24)/10,$B$14) -> 0.2
A25: =MID($B$17,8,1) -> 1 | B25: =IF(VALUE(A25)>0,VALUE(A25)/10,$B$14) -> 0.1 | G25: =MID($H$17,8,1) -> 1 | H25: =IF(VALUE(G25)>0,VALUE(G25)/10,$B$14) -> 0.1
B26: Probability, P | H26: Probability, P
